/*
 Navicat Premium Data Transfer

 Source Server         : localhost_3306
 Source Server Type    : MySQL
 Source Server Version : 50726
 Source Host           : localhost:3306
 Source Schema         : staff_manage

 Target Server Type    : MySQL
 Target Server Version : 50726
 File Encoding         : 65001

 Date: 05/02/2024 17:28:58
*/

SET NAMES utf8mb4;
SET FOREIGN_KEY_CHECKS = 0;

-- ----------------------------
-- Table structure for admin_authority
-- ----------------------------
DROP TABLE IF EXISTS `admin_authority`;
CREATE TABLE `admin_authority`  (
  `id` int(11) NOT NULL AUTO_INCREMENT,
  `one_level_name` varchar(255) CHARACTER SET utf8mb4 COLLATE utf8mb4_general_ci NULL DEFAULT NULL,
  `two_level_name` varchar(255) CHARACTER SET utf8mb4 COLLATE utf8mb4_general_ci NULL DEFAULT NULL,
  `three_level_name` varchar(255) CHARACTER SET utf8mb4 COLLATE utf8mb4_general_ci NULL DEFAULT NULL,
  `right_name` varchar(30) CHARACTER SET utf8mb4 COLLATE utf8mb4_general_ci NOT NULL,
  `description` text CHARACTER SET utf8mb4 COLLATE utf8mb4_general_ci NOT NULL,
  PRIMARY KEY (`id`, `right_name`) USING BTREE
) ENGINE = MyISAM AUTO_INCREMENT = 14 CHARACTER SET = utf8mb4 COLLATE = utf8mb4_general_ci ROW_FORMAT = Dynamic;

-- ----------------------------
-- Records of admin_authority
-- ----------------------------
INSERT INTO `admin_authority` VALUES (1, 'home', NULL, NULL, 'home', '首页');
INSERT INTO `admin_authority` VALUES (2, 'staff', NULL, NULL, 'staff', '员工管理');
INSERT INTO `admin_authority` VALUES (3, 'staff', 'staffMsg', NULL, 'staffMsg', '员工信息');
INSERT INTO `admin_authority` VALUES (4, 'staff', 'checkingIn', NULL, 'checkingIn', '考勤管理');
INSERT INTO `admin_authority` VALUES (5, 'staff', 'staffMsg', 'userAddStaff', 'userAddStaff', '添加员工(需审核)');
INSERT INTO `admin_authority` VALUES (6, 'staff', 'staffMsg', 'userUpdateStaff', 'userUpdateStaff', '修改员工(需审核)');
INSERT INTO `admin_authority` VALUES (7, 'staff', 'staffMsg', 'settingDimission', 'settingDimission', '设置为离职');
INSERT INTO `admin_authority` VALUES (8, 'staff', 'staffMsg', 'allStaffMsgView', 'allStaffMsgView', '所有员工信息');
INSERT INTO `admin_authority` VALUES (9, 'staff', 'staffMsg', 'adminAddStaff', 'adminAddStaff', '添加员工(无需审核)');
INSERT INTO `admin_authority` VALUES (10, 'staff', 'staffMsg', 'adminUpdateStaff', 'adminUpdateStaff', '修改员工(无需审核)');
INSERT INTO `admin_authority` VALUES (11, 'staff', 'checkingIn', 'updateCheckingIn', 'updateCheckingIn', '修改员工考勤');
INSERT INTO `admin_authority` VALUES (12, 'staff', 'checkingIn', 'allStaffCheckingInView', 'allStaffCheckingInView', '所有员工考勤');
INSERT INTO `admin_authority` VALUES (13, 'admin_user', 'adminUserMsg', 'allAdminUserView', 'allAdminUserView', '所有管理员信息');

-- ----------------------------
-- Table structure for admin_op_record
-- ----------------------------
DROP TABLE IF EXISTS `admin_op_record`;
CREATE TABLE `admin_op_record`  (
  `id` int(11) NOT NULL AUTO_INCREMENT,
  `content` text CHARACTER SET utf8mb4 COLLATE utf8mb4_general_ci NOT NULL,
  `staffId` varchar(7) CHARACTER SET utf8mb4 COLLATE utf8mb4_general_ci NOT NULL,
  `datetime` datetime NOT NULL,
  PRIMARY KEY (`id`) USING BTREE
) ENGINE = MyISAM AUTO_INCREMENT = 2 CHARACTER SET = utf8mb4 COLLATE = utf8mb4_general_ci ROW_FORMAT = Dynamic;

-- ----------------------------
-- Records of admin_op_record
-- ----------------------------
INSERT INTO `admin_op_record` VALUES (1, '\n                <div>\n                    <p>修改信息</p>\n                    <p>012301用户将员工号为012302员工的信息修改</p>\n                </div>\n                \n        <div>\n            <p>修改前的数据：</p>\n            <p>\n                <span>员工号：</span>\n                <span>012302</span>\n            </p>\n            <p>\n                <span>部门名称：</span>\n                <span>管理层</span>\n            </p>\n            <p>\n                <span>员工姓名：</span>\n                <span>万叶</span>\n            </p>\n            <p>\n                <span>职位：</span>\n                <span>普通员工</span>\n            </p>\n            <p>\n                <span>电话号码：</span>\n                <span>17322297254</span>\n            </p>\n            <p>\n                <span>性别：</span>\n                <span>男</span>\n            </p>\n            <p>\n                <span>年龄：</span>\n                <span>22</span>\n            </p>\n            <p>\n                <span>薪资：</span>\n                <span>5100</span>\n            </p>\n            <p>\n                <span>入职时间：</span>\n                <span>2023-09-15</span>\n            </p>\n        </div>\n        \n        <div>\n            <p>修改后的数据：</p>\n            <p>\n                <span>员工号：</span>\n                <span>012302</span>\n            </p>\n            <p>\n                <span>部门名称：</span>\n                <span>管理层</span>\n            </p>\n            <p>\n                <span>员工姓名：</span>\n                <span>万叶</span>\n            </p>\n            <p>\n                <span>职位：</span>\n                <span>普通员工</span>\n            </p>\n            <p>\n                <span>电话号码：</span>\n                <span>17322297254</span>\n            </p>\n            <p>\n                <span>性别：</span>\n                <span>男</span>\n            </p>\n            <p>\n                <span>年龄：</span>\n                <span>20</span>\n            </p>\n            <p>\n                <span>薪资：</span>\n                <span>200</span>\n            </p>\n            <p>\n                <span>入职时间：</span>\n                <span>2023-09-27</span>\n            </p>\n        </div>\n        ', '012301', '2023-11-28 13:38:08');

-- ----------------------------
-- Table structure for admin_op_review
-- ----------------------------
DROP TABLE IF EXISTS `admin_op_review`;
CREATE TABLE `admin_op_review`  (
  `id` int(11) NOT NULL AUTO_INCREMENT,
  `data` text CHARACTER SET utf8mb4 COLLATE utf8mb4_general_ci NOT NULL,
  `description` text CHARACTER SET utf8mb4 COLLATE utf8mb4_general_ci NOT NULL,
  `staffId` varchar(7) CHARACTER SET utf8mb4 COLLATE utf8mb4_general_ci NOT NULL,
  `datetime` datetime NOT NULL,
  `status` varchar(255) CHARACTER SET utf8mb4 COLLATE utf8mb4_general_ci NOT NULL,
  PRIMARY KEY (`id`) USING BTREE
) ENGINE = MyISAM AUTO_INCREMENT = 1 CHARACTER SET = utf8mb4 COLLATE = utf8mb4_general_ci ROW_FORMAT = Dynamic;

-- ----------------------------
-- Records of admin_op_review
-- ----------------------------

-- ----------------------------
-- Table structure for admin_send_notice
-- ----------------------------
DROP TABLE IF EXISTS `admin_send_notice`;
CREATE TABLE `admin_send_notice`  (
  `id` int(11) NOT NULL AUTO_INCREMENT,
  `send_staffId` varchar(7) CHARACTER SET utf8mb4 COLLATE utf8mb4_general_ci NOT NULL,
  `receiver_staffId` varchar(7) CHARACTER SET utf8mb4 COLLATE utf8mb4_general_ci NOT NULL,
  `content` text CHARACTER SET utf8mb4 COLLATE utf8mb4_general_ci NOT NULL,
  `datetime` datetime NOT NULL,
  PRIMARY KEY (`id`) USING BTREE
) ENGINE = MyISAM AUTO_INCREMENT = 1 CHARACTER SET = utf8mb4 COLLATE = utf8mb4_general_ci ROW_FORMAT = Dynamic;

-- ----------------------------
-- Records of admin_send_notice
-- ----------------------------

-- ----------------------------
-- Table structure for admin_user
-- ----------------------------
DROP TABLE IF EXISTS `admin_user`;
CREATE TABLE `admin_user`  (
  `staffId` varchar(7) CHARACTER SET utf8mb4 COLLATE utf8mb4_general_ci NOT NULL,
  `departId` varchar(7) CHARACTER SET utf8mb4 COLLATE utf8mb4_general_ci NULL DEFAULT NULL,
  `staffName` varchar(255) CHARACTER SET utf8mb4 COLLATE utf8mb4_general_ci NOT NULL,
  `password` varchar(50) CHARACTER SET utf8mb4 COLLATE utf8mb4_general_ci NOT NULL,
  `status` varchar(255) CHARACTER SET utf8mb4 COLLATE utf8mb4_general_ci NOT NULL,
  `authority` text CHARACTER SET utf8mb4 COLLATE utf8mb4_general_ci NULL,
  PRIMARY KEY (`staffId`) USING BTREE
) ENGINE = MyISAM CHARACTER SET = utf8mb4 COLLATE = utf8mb4_general_ci ROW_FORMAT = Dynamic;

-- ----------------------------
-- Records of admin_user
-- ----------------------------
INSERT INTO `admin_user` VALUES ('012301', '01', '达达利亚', 'admin', '下线', 'home,staff,staffMsg,checkingIn,settingDimission,adminAddStaff,adminUpdateStaff,updateCheckingIn,allStaffCheckingInView,allAdminUserView,allStaffMsgView');
INSERT INTO `admin_user` VALUES ('012302', '01', '万叶', 'admin', '下线', 'home,staff,staffMsg');

-- ----------------------------
-- Table structure for askforleave
-- ----------------------------
DROP TABLE IF EXISTS `askforleave`;
CREATE TABLE `askforleave`  (
  `id` int(11) NOT NULL AUTO_INCREMENT,
  `staffId` varchar(7) CHARACTER SET utf8mb4 COLLATE utf8mb4_general_ci NOT NULL,
  `receiver_staffId` varchar(7) CHARACTER SET utf8mb4 COLLATE utf8mb4_general_ci NOT NULL,
  `content` text CHARACTER SET utf8mb4 COLLATE utf8mb4_general_ci NOT NULL,
  `startTime` datetime NOT NULL,
  `endTime` datetime NOT NULL,
  `dateTime` datetime NOT NULL,
  `status` varchar(255) CHARACTER SET utf8mb4 COLLATE utf8mb4_general_ci NOT NULL,
  PRIMARY KEY (`id`) USING BTREE
) ENGINE = MyISAM AUTO_INCREMENT = 1 CHARACTER SET = utf8mb4 COLLATE = utf8mb4_general_ci ROW_FORMAT = Dynamic;

-- ----------------------------
-- Records of askforleave
-- ----------------------------

-- ----------------------------
-- Table structure for department
-- ----------------------------
DROP TABLE IF EXISTS `department`;
CREATE TABLE `department`  (
  `departId` varchar(2) CHARACTER SET utf8mb4 COLLATE utf8mb4_general_ci NOT NULL,
  `department_Name` varchar(255) CHARACTER SET utf8mb4 COLLATE utf8mb4_general_ci NOT NULL,
  `manager_staffId` varchar(7) CHARACTER SET utf8mb4 COLLATE utf8mb4_general_ci NULL DEFAULT NULL,
  PRIMARY KEY (`departId`) USING BTREE,
  INDEX `manager_staffId`(`manager_staffId`) USING BTREE
) ENGINE = MyISAM CHARACTER SET = utf8mb4 COLLATE = utf8mb4_general_ci ROW_FORMAT = Dynamic;

-- ----------------------------
-- Records of department
-- ----------------------------
INSERT INTO `department` VALUES ('01', '管理层', '012301');
INSERT INTO `department` VALUES ('02', '开发部', '022301');
INSERT INTO `department` VALUES ('03', '测试部', '032301');
INSERT INTO `department` VALUES ('04', '人力资源', '042301');
INSERT INTO `department` VALUES ('05', '运维部', '052301');

-- ----------------------------
-- Table structure for feedback
-- ----------------------------
DROP TABLE IF EXISTS `feedback`;
CREATE TABLE `feedback`  (
  `id` int(11) NOT NULL AUTO_INCREMENT,
  `content` text CHARACTER SET utf8mb4 COLLATE utf8mb4_general_ci NOT NULL,
  `send_staffId` varchar(7) CHARACTER SET utf8mb4 COLLATE utf8mb4_general_ci NOT NULL,
  `receiver_staffId` varchar(7) CHARACTER SET utf8mb4 COLLATE utf8mb4_general_ci NOT NULL,
  `dateTime` datetime NOT NULL,
  PRIMARY KEY (`id`) USING BTREE
) ENGINE = MyISAM AUTO_INCREMENT = 4 CHARACTER SET = utf8mb4 COLLATE = utf8mb4_general_ci ROW_FORMAT = Dynamic;

-- ----------------------------
-- Records of feedback
-- ----------------------------
INSERT INTO `feedback` VALUES (1, 'adwdada', '012301', 'admin', '2023-11-13 09:48:20');
INSERT INTO `feedback` VALUES (2, '忘记密码。', '012301', 'admin', '2023-11-13 13:37:06');
INSERT INTO `feedback` VALUES (3, 'hello 哇', '012301', 'admin', '2023-11-28 09:50:50');

-- ----------------------------
-- Table structure for receivernotice
-- ----------------------------
DROP TABLE IF EXISTS `receivernotice`;
CREATE TABLE `receivernotice`  (
  `id` int(11) NOT NULL AUTO_INCREMENT,
  `send_staffId` varchar(7) CHARACTER SET utf8mb4 COLLATE utf8mb4_general_ci NOT NULL,
  `receiver_staffId` varchar(7) CHARACTER SET utf8mb4 COLLATE utf8mb4_general_ci NOT NULL,
  `content` text CHARACTER SET utf8mb4 COLLATE utf8mb4_general_ci NOT NULL,
  `datetime` datetime NOT NULL,
  PRIMARY KEY (`id`) USING BTREE
) ENGINE = MyISAM AUTO_INCREMENT = 1 CHARACTER SET = utf8mb4 COLLATE = utf8mb4_general_ci ROW_FORMAT = Dynamic;

-- ----------------------------
-- Records of receivernotice
-- ----------------------------

-- ----------------------------
-- Table structure for resign
-- ----------------------------
DROP TABLE IF EXISTS `resign`;
CREATE TABLE `resign`  (
  `resignId` varchar(7) CHARACTER SET utf8mb4 COLLATE utf8mb4_general_ci NOT NULL,
  `departId` varchar(2) CHARACTER SET utf8mb4 COLLATE utf8mb4_general_ci NOT NULL,
  `phoneNum` bigint(20) NOT NULL,
  `staffName` varchar(255) CHARACTER SET utf8mb4 COLLATE utf8mb4_general_ci NOT NULL,
  `job` varchar(255) CHARACTER SET utf8mb4 COLLATE utf8mb4_general_ci NOT NULL,
  `entryTime` date NOT NULL,
  PRIMARY KEY (`resignId`) USING BTREE
) ENGINE = MyISAM CHARACTER SET = utf8mb4 COLLATE = utf8mb4_general_ci ROW_FORMAT = Dynamic;

-- ----------------------------
-- Records of resign
-- ----------------------------

-- ----------------------------
-- Table structure for resignreview
-- ----------------------------
DROP TABLE IF EXISTS `resignreview`;
CREATE TABLE `resignreview`  (
  `id` int(11) NOT NULL AUTO_INCREMENT,
  `staffId` varchar(7) CHARACTER SET utf8mb4 COLLATE utf8mb4_general_ci NOT NULL,
  `content` text CHARACTER SET utf8mb4 COLLATE utf8mb4_general_ci NOT NULL,
  `dateTime` datetime NOT NULL,
  `status` varchar(255) CHARACTER SET utf8mb4 COLLATE utf8mb4_general_ci NOT NULL,
  PRIMARY KEY (`id`, `staffId`) USING BTREE
) ENGINE = MyISAM AUTO_INCREMENT = 1 CHARACTER SET = utf8mb4 COLLATE = utf8mb4_general_ci ROW_FORMAT = Dynamic;

-- ----------------------------
-- Records of resignreview
-- ----------------------------

-- ----------------------------
-- Table structure for staff
-- ----------------------------
DROP TABLE IF EXISTS `staff`;
CREATE TABLE `staff`  (
  `staffId` varchar(7) CHARACTER SET utf8mb4 COLLATE utf8mb4_general_ci NOT NULL,
  `departId` varchar(2) CHARACTER SET utf8mb4 COLLATE utf8mb4_general_ci NOT NULL,
  `phoneNum` bigint(20) NOT NULL,
  `staffName` varchar(255) CHARACTER SET utf8mb4 COLLATE utf8mb4_general_ci NOT NULL,
  `sex` varchar(255) CHARACTER SET utf8mb4 COLLATE utf8mb4_general_ci NOT NULL,
  `age` int(11) NOT NULL,
  `salary` bigint(20) NOT NULL,
  `job` varchar(255) CHARACTER SET utf8mb4 COLLATE utf8mb4_general_ci NOT NULL,
  `entryTime` date NOT NULL,
  PRIMARY KEY (`staffId`) USING BTREE
) ENGINE = MyISAM CHARACTER SET = utf8mb4 COLLATE = utf8mb4_general_ci ROW_FORMAT = Dynamic;

-- ----------------------------
-- Records of staff
-- ----------------------------
INSERT INTO `staff` VALUES ('012301', '01', 13172290114, '达达利亚', '男', 23, 9000, '经理', '2023-09-15');
INSERT INTO `staff` VALUES ('012302', '01', 17322297254, '万叶', '男', 20, 200, '普通员工', '2023-09-27');
INSERT INTO `staff` VALUES ('012303', '01', 19322904711, '香菱', '女', 22, 5300, '普通员工', '2023-09-15');
INSERT INTO `staff` VALUES ('022301', '02', 13376629080, '班尼特', '男', 21, 7000, '经理', '2023-09-15');
INSERT INTO `staff` VALUES ('022302', '02', 13376629080, '胡桃', '女', 16, 7000, '经理', '2023-09-15');
INSERT INTO `staff` VALUES ('032301', '03', 13232234167, '行秋', '男', 17, 5000, '普通员工', '2023-09-15');
INSERT INTO `staff` VALUES ('042301', '04', 15238199014, '钟离', '男', 1000, 7000, '经理', '2023-09-15');
INSERT INTO `staff` VALUES ('052301', '05', 11371238904, '夜阑', '女', 24, 8000, '经理', '2023-09-15');
INSERT INTO `staff` VALUES ('052302', '05', 11371238224, '纳西妲', '女', 500, 4000, '普通员工', '2023-09-15');
INSERT INTO `staff` VALUES ('052303', '05', 12134444042, '莫娜', '女', 23, 3000, '普通员工', '2023-09-15');
INSERT INTO `staff` VALUES ('052304', '05', 13472894789, '久岐忍', '女', 22, 4200, '普通员工', '2023-09-15');

-- ----------------------------
-- Table structure for workattendance
-- ----------------------------
DROP TABLE IF EXISTS `workattendance`;
CREATE TABLE `workattendance`  (
  `id` int(11) NOT NULL AUTO_INCREMENT,
  `status` varchar(255) CHARACTER SET utf8mb4 COLLATE utf8mb4_general_ci NOT NULL,
  `staffId` varchar(7) CHARACTER SET utf8mb4 COLLATE utf8mb4_general_ci NOT NULL,
  `date` date NOT NULL,
  `startTime` datetime NOT NULL,
  `endTime` datetime NOT NULL,
  PRIMARY KEY (`id`) USING BTREE
) ENGINE = MyISAM AUTO_INCREMENT = 1 CHARACTER SET = utf8mb4 COLLATE = utf8mb4_general_ci ROW_FORMAT = Dynamic;

-- ----------------------------
-- Records of workattendance
-- ----------------------------

SET FOREIGN_KEY_CHECKS = 1;
